{
  "posts": [
    {
      "title": "json-server+++",
      "author": "typicode+++",
      "id": 1
    },
    {
      "title": "json-server4",
      "author": "typicode4",
      "id": 7
    },
    {
      "title": "aaaa",
      "author": "bbbb",
      "id": 8
    },
    {
      "title": "aaaa",
      "author": "bbbb",
      "id": 9
    },
    {
      "title": "aaaa",
      "author": "bbbb",
      "id": 10
    },
    {
      "title": "aaaa",
      "author": "bbbb",
      "id": 11
    },
    {
      "title": "aaaa",
      "author": "bbbb",
      "id": 12
    },
    {
      "title": "json-server---",
      "author": "typicode---",
      "id": 13
    }
  ],
  "comments": [
    {
      "id": 1,
      "body": "some comment",
      "postId": 1
    }
  ],
  "profile": {
    "name": "typicode"
  }
}